报告范围=["每周"],选择周=["周 23 | 2026-05-31 - 2026-06-06 2026"],点击量最高的商品=["B0F9TKNHTL B0F5FPSDQV B0CP4C671V"]
搜索频率排名,搜索词,点击量第1的品牌,点击量第2的品牌,点击量第3的品牌,点击量最高的分类,点击量第二的分类,"点击量第 3 的分类",点击量第1的商品：ASIN,"点击量第1的商品: 商品标题",点击量最高的商品：点击份额,点击量第1的商品：转化贡献占比,点击量第2的商品：ASIN,点击量第2的商品：商品标题,点击量第二的商品：点击份额,热门点击商品第2名：转化贡献占比,点击量第三的商品：ASIN,点击量第3的商品：商品标题,点击量第三的商品：点击份额,点击量第3的商品：转化贡献占比,报告日期
"17954","urolithin a","Timeline","WELLNESS LABSRX","Etta Vita","Health & Personal Care","Biss","Digital_Ebook_Purchase","B0F5FPSDQV","Timeline Mitopure Urolithin A Supplement Softgels - Clinically Proven Support for Healthy Aging and Cellular Renewal - Mitoceutical for Muscle Support and Longevity","19.21","12.39","B0F9TKNHTL","Urolithin A Supplement Capsules 1,000mg (98.9% Pure) – Advanced Urolithin A+ Formula for Cellular Renewal & Mitochondrial Support, High-Strength Muscle Health Support- 120 Count","18.84","19.82","B0F43TCK2T","Urolithin-A Complex w Shilajit, Organic Sea Moss, Ashwagandha & Tongkat Ali, Natural Energy, Libido, Hormone Balance, and Focus for Men & Women (Made in USA - 3rd Party Tested)","8.33","4.95","2026-06-06"
"91169","urolithin a supplement","WELLNESS LABSRX","Timeline","Etta Vita","Health & Personal Care","Biss",,"B0F9TKNHTL","Urolithin A Supplement Capsules 1,000mg (98.9% Pure) – Advanced Urolithin A+ Formula for Cellular Renewal & Mitochondrial Support, High-Strength Muscle Health Support- 120 Count","21.71","19.57","B0F5FPSDQV","Timeline Mitopure Urolithin A Supplement Softgels - Clinically Proven Support for Healthy Aging and Cellular Renewal - Mitoceutical for Muscle Support and Longevity","16.55","15.76","B0F43TCK2T","Urolithin-A Complex w Shilajit, Organic Sea Moss, Ashwagandha & Tongkat Ali, Natural Energy, Libido, Hormone Balance, and Focus for Men & Women (Made in USA - 3rd Party Tested)","9.77","3.8","2026-06-06"
"99588","mitopure","Timeline","MitoQ","WELLNESS LABSRX","Health & Personal Care","Beauty","Luxury_Beauty","B0F5FPSDQV","Timeline Mitopure Urolithin A Supplement Softgels - Clinically Proven Support for Healthy Aging and Cellular Renewal - Mitoceutical for Muscle Support and Longevity","50.29","55.4","B0F1ZJM7X6","Timeline Mitopure Urolithin A Supplement Gummies - Clinically Proven Support for Healthy Aging Cellular Energy Muscle Strength and Longevity","23.3","16.55","B0DMPCNCM8","Timeline Mitopure Urolithin A Supplement Powder 500 MG- Clinically Proven Support for Healthy Aging and Cellular Renewal - Mitoceutical for Muscle Support and Longevity","6.93","2.88","2026-06-06"
"153830","urolithin a+","Timeline","WELLNESS LABSRX","Etta Vita","Health & Personal Care",,,"B0F9TKNHTL","Urolithin A Supplement Capsules 1,000mg (98.9% Pure) – Advanced Urolithin A+ Formula for Cellular Renewal & Mitochondrial Support, High-Strength Muscle Health Support- 120 Count","17.45","20.0","B0F5FPSDQV","Timeline Mitopure Urolithin A Supplement Softgels - Clinically Proven Support for Healthy Aging and Cellular Renewal - Mitoceutical for Muscle Support and Longevity","14.99","11.3","B0F43TCK2T","Urolithin-A Complex w Shilajit, Organic Sea Moss, Ashwagandha & Tongkat Ali, Natural Energy, Libido, Hormone Balance, and Focus for Men & Women (Made in USA - 3rd Party Tested)","12.75","4.35","2026-06-06"
"179720","timeline",,"Timeline","Ballantine","Digital_Video_Download","Health & Personal Care","Books","B09KGHGM3W","Timeline","26.49","0.0","B0F5FPSDQV","Timeline Mitopure Urolithin A Supplement Softgels - Clinically Proven Support for Healthy Aging and Cellular Renewal - Mitoceutical for Muscle Support and Longevity","22.08","33.33","B0F1ZJM7X6","Timeline Mitopure Urolithin A Supplement Gummies - Clinically Proven Support for Healthy Aging Cellular Energy Muscle Strength and Longevity","8.05","27.27","2026-06-06"
"194950","mitopure urolithin a supplement","Timeline","WELLNESS LABSRX","Trobyot","Health & Personal Care","Beauty",,"B0F5FPSDQV","Timeline Mitopure Urolithin A Supplement Softgels - Clinically Proven Support for Healthy Aging and Cellular Renewal - Mitoceutical for Muscle Support and Longevity","49.16","50.0","B0F1ZJM7X6","Timeline Mitopure Urolithin A Supplement Gummies - Clinically Proven Support for Healthy Aging Cellular Energy Muscle Strength and Longevity","24.72","25.56","B0DMPCNCM8","Timeline Mitopure Urolithin A Supplement Powder 500 MG- Clinically Proven Support for Healthy Aging and Cellular Renewal - Mitoceutical for Muscle Support and Longevity","7.3","2.22","2026-06-06"
"292604","mitopure urolithin a+ supplement","Timeline","WELLNESS LABSRX","Etta Vita","Health & Personal Care","Beauty",,"B0F5FPSDQV","Timeline Mitopure Urolithin A Supplement Softgels - Clinically Proven Support for Healthy Aging and Cellular Renewal - Mitoceutical for Muscle Support and Longevity","52.72","50.0","B0F1ZJM7X6","Timeline Mitopure Urolithin A Supplement Gummies - Clinically Proven Support for Healthy Aging Cellular Energy Muscle Strength and Longevity","15.9","12.5","B0DMPCNCM8","Timeline Mitopure Urolithin A Supplement Powder 500 MG- Clinically Proven Support for Healthy Aging and Cellular Renewal - Mitoceutical for Muscle Support and Longevity","6.69","3.57","2026-06-06"
"319587","urolithin","Timeline","WELLNESS LABSRX","Etta Vita","Health & Personal Care","Beauty",,"B0F9TKNHTL","Urolithin A Supplement Capsules 1,000mg (98.9% Pure) – Advanced Urolithin A+ Formula for Cellular Renewal & Mitochondrial Support, High-Strength Muscle Health Support- 120 Count","19.18","19.23","B0F5FPSDQV","Timeline Mitopure Urolithin A Supplement Softgels - Clinically Proven Support for Healthy Aging and Cellular Renewal - Mitoceutical for Muscle Support and Longevity","15.53","5.77","B0F43TCK2T","Urolithin-A Complex w Shilajit, Organic Sea Moss, Ashwagandha & Tongkat Ali, Natural Energy, Libido, Hormone Balance, and Focus for Men & Women (Made in USA - 3rd Party Tested)","11.87","7.69","2026-06-06"
"352015","time line longevity supplement","Timeline","Adndale","Toniiq","Health & Personal Care",,,"B0F5FPSDQV","Timeline Mitopure Urolithin A Supplement Softgels - Clinically Proven Support for Healthy Aging and Cellular Renewal - Mitoceutical for Muscle Support and Longevity","53.77","66.67","B0F1ZJM7X6","Timeline Mitopure Urolithin A Supplement Gummies - Clinically Proven Support for Healthy Aging Cellular Energy Muscle Strength and Longevity","27.14","15.69","B0DMPCNCM8","Timeline Mitopure Urolithin A Supplement Powder 500 MG- Clinically Proven Support for Healthy Aging and Cellular Renewal - Mitoceutical for Muscle Support and Longevity","13.57","5.88","2026-06-06"
"357501","timeline mitopure urolithin a+","Timeline","omre","WELLNESS LABSRX","Health & Personal Care","Beauty","Apparel","B0F5FPSDQV","Timeline Mitopure Urolithin A Supplement Softgels - Clinically Proven Support for Healthy Aging and Cellular Renewal - Mitoceutical for Muscle Support and Longevity","57.65","59.09","B0F1ZJM7X6","Timeline Mitopure Urolithin A Supplement Gummies - Clinically Proven Support for Healthy Aging Cellular Energy Muscle Strength and Longevity","26.53","29.55","B0DMPCNCM8","Timeline Mitopure Urolithin A Supplement Powder 500 MG- Clinically Proven Support for Healthy Aging and Cellular Renewal - Mitoceutical for Muscle Support and Longevity","7.65","2.27","2026-06-06"
"363198","timeline mitopure urolithin a","Timeline","Pure Encapsulations","Igo Labs","Health & Personal Care","Beauty",,"B0F5FPSDQV","Timeline Mitopure Urolithin A Supplement Softgels - Clinically Proven Support for Healthy Aging and Cellular Renewal - Mitoceutical for Muscle Support and Longevity","55.96","59.57","B0F1ZJM7X6","Timeline Mitopure Urolithin A Supplement Gummies - Clinically Proven Support for Healthy Aging Cellular Energy Muscle Strength and Longevity","26.42","21.28","B0DMPCNCM8","Timeline Mitopure Urolithin A Supplement Powder 500 MG- Clinically Proven Support for Healthy Aging and Cellular Renewal - Mitoceutical for Muscle Support and Longevity","12.44","6.38","2026-06-06"
"410900","longevity supplements","Timeline","Pure Encapsulations","Longevity Rx","Health & Personal Care","Pet Products",,"B0F5FPSDQV","Timeline Mitopure Urolithin A Supplement Softgels - Clinically Proven Support for Healthy Aging and Cellular Renewal - Mitoceutical for Muscle Support and Longevity","18.71","20.0","B0F1ZJM7X6","Timeline Mitopure Urolithin A Supplement Gummies - Clinically Proven Support for Healthy Aging Cellular Energy Muscle Strength and Longevity","9.94","0.0","B09DKJH2LF","Pure Encapsulations Longevity Nutrients | Multivitamin Supplement & Mineral Complex to Support Healthy Aging, Brain Function, Eyes, Bones, and Vascular Health* | 120 Capsules","7.02","4.0","2026-06-06"
"720991","longevity",,"Harmony Books","Blueprint Bryan Johnson","Health & Personal Care","Digital_Ebook_Purchase","Books","B0D3GBRNSX","Blueprint Bryan Johnson Longevity Mix - Muscle Builder & Recovery Supplement - Promotes Focus and Balanced Mood - Magnesium, Creatine, L-Theanine, Glutathione & Vitamin C- 30 Servings, Blood Orange","10.2","6.67","0593236599","Outlive: The Science and Art of Longevity","9.18","0.0","B0F5FPSDQV","Timeline Mitopure Urolithin A Supplement Softgels - Clinically Proven Support for Healthy Aging and Cellular Renewal - Mitoceutical for Muscle Support and Longevity","6.12","6.67","2026-06-06"
"768424","tmrw longevity powder","Lkdsoaf","ProHealth","Timeline","Health & Personal Care","Home",,"B0H362PWFD","Lkdsoaf Tmrw Longevity Powder","31.52","40.0","B0952C7GTB","ProHealth Longevity TMG Pro 500 Grams Bulk Powder (Trimethylglycine - Betaine Anhydrous) - Methylation Support","19.57","0.0","B0F5FPSDQV","Timeline Mitopure Urolithin A Supplement Softgels - Clinically Proven Support for Healthy Aging and Cellular Renewal - Mitoceutical for Muscle Support and Longevity","7.61","0.0","2026-06-06"
"803739","liposomal urolithin a","Codeage","WELLNESS LABSRX","Etta Vita","Health & Personal Care",,,"B0BWXTZJTD","Codeage Liposomal Urolithin A Supplement 500mg Per Serving + Resveratrol, Betaine, CoQ10, Ellagitannins - A New Frontier Beyond NADH, NMN, NAD, NR, and PQQ Vitamins - Bioavailable - 60 Capsules","23.86","29.17","B0F9TKNHTL","Urolithin A Supplement Capsules 1,000mg (98.9% Pure) – Advanced Urolithin A+ Formula for Cellular Renewal & Mitochondrial Support, High-Strength Muscle Health Support- 120 Count","13.64","8.33","B0F347HYWZ","Liposomal NAD+ Supplement – Resveratrol, Urolithin A, CoQ10 & Giloy (Made & Tested in USA) NAD Supplement for Natural Energy, Brain Fog, Digestion, Detox, Gut Health, Microbiome, NR NMN Replacement","12.5","4.17","2026-06-06"
"832161","mitopure gummies","Timeline","ONSET","Parhaat","Health & Personal Care",,,"B0F1ZJM7X6","Timeline Mitopure Urolithin A Supplement Gummies - Clinically Proven Support for Healthy Aging Cellular Energy Muscle Strength and Longevity","65.88","72.73","B0F5FPSDQV","Timeline Mitopure Urolithin A Supplement Softgels - Clinically Proven Support for Healthy Aging and Cellular Renewal - Mitoceutical for Muscle Support and Longevity","18.82","18.18","B0GZGTFJQQ","ONSET Foundation Gummies - Urolithin A Gummies - Mitochondrial Health Support Supplement for Energy, Endurance & Recovery - Supports Cellular Renewal, Muscle Strength - 60 Gummies","7.06","4.55","2026-06-06"
"832161","urolithin a+ supplement","WELLNESS LABSRX","Etta Vita","Timeline","Health & Personal Care",,,"B0F9TKNHTL","Urolithin A Supplement Capsules 1,000mg (98.9% Pure) – Advanced Urolithin A+ Formula for Cellular Renewal & Mitochondrial Support, High-Strength Muscle Health Support- 120 Count","21.18","12.9","B0F43TCK2T","Urolithin-A Complex w Shilajit, Organic Sea Moss, Ashwagandha & Tongkat Ali, Natural Energy, Libido, Hormone Balance, and Focus for Men & Women (Made in USA - 3rd Party Tested)","14.12","12.9","B0F5FPSDQV","Timeline Mitopure Urolithin A Supplement Softgels - Clinically Proven Support for Healthy Aging and Cellular Renewal - Mitoceutical for Muscle Support and Longevity","8.24","0.0","2026-06-06"
"907220","mitopure urolithin a","Timeline","Pure Encapsulations","WELLNESS LABSRX","Health & Personal Care",,,"B0F5FPSDQV","Timeline Mitopure Urolithin A Supplement Softgels - Clinically Proven Support for Healthy Aging and Cellular Renewal - Mitoceutical for Muscle Support and Longevity","43.59","47.37","B0F1ZJM7X6","Timeline Mitopure Urolithin A Supplement Gummies - Clinically Proven Support for Healthy Aging Cellular Energy Muscle Strength and Longevity","21.79","36.84","B08VDB31YY","Pure Encapsulations Renual | Urolithin A Supplement | Support for Muscle Function, Cellular Energy Production, Mitochondrial Health, and Healthy Aging* | 60 Caplique Capsules","10.26","5.26","2026-06-06"
"931192","uralithin a","Timeline","WELLNESS LABSRX","Etta Vita","Health & Personal Care",,,"B0F9TKNHTL","Urolithin A Supplement Capsules 1,000mg (98.9% Pure) – Advanced Urolithin A+ Formula for Cellular Renewal & Mitochondrial Support, High-Strength Muscle Health Support- 120 Count","25.0","23.08","B0F5FPSDQV","Timeline Mitopure Urolithin A Supplement Softgels - Clinically Proven Support for Healthy Aging and Cellular Renewal - Mitoceutical for Muscle Support and Longevity","23.68","15.38","B0F43TCK2T","Urolithin-A Complex w Shilajit, Organic Sea Moss, Ashwagandha & Tongkat Ali, Natural Energy, Libido, Hormone Balance, and Focus for Men & Women (Made in USA - 3rd Party Tested)","9.21","7.69","2026-06-06"
"969825","urolithin a 1000mg","WELLNESS LABSRX","Timeline","Etta Vita","Health & Personal Care",,,"B0F9TKNHTL","Urolithin A Supplement Capsules 1,000mg (98.9% Pure) – Advanced Urolithin A+ Formula for Cellular Renewal & Mitochondrial Support, High-Strength Muscle Health Support- 120 Count","45.21","33.33","B0F5FPSDQV","Timeline Mitopure Urolithin A Supplement Softgels - Clinically Proven Support for Healthy Aging and Cellular Renewal - Mitoceutical for Muscle Support and Longevity","12.33","5.56","B0GD1B4D6H","Urolithin A Supplement Capsules 1,000mg 98.9% Pure, Longevity and Anti-Aging Support Pack of 2","5.48","11.11","2026-06-06"
"983503","timeline mitopure","Timeline","Fatty15",,"Health & Personal Care","Beauty",,"B0F5FPSDQV","Timeline Mitopure Urolithin A Supplement Softgels - Clinically Proven Support for Healthy Aging and Cellular Renewal - Mitoceutical for Muscle Support and Longevity","52.78","76.92","B0F1ZJM7X6","Timeline Mitopure Urolithin A Supplement Gummies - Clinically Proven Support for Healthy Aging Cellular Energy Muscle Strength and Longevity","16.67","0.0","B0DMPCNCM8","Timeline Mitopure Urolithin A Supplement Powder 500 MG- Clinically Proven Support for Healthy Aging and Cellular Renewal - Mitoceutical for Muscle Support and Longevity","9.72","0.0","2026-06-06"
"1073847","time line","Timeline","Rose Publishing",,"Health & Personal Care","Books","Digital_Video_Download","B0F5FPSDQV","Timeline Mitopure Urolithin A Supplement Softgels - Clinically Proven Support for Healthy Aging and Cellular Renewal - Mitoceutical for Muscle Support and Longevity","51.52","54.55","9901983517","Bible Time Line","15.15","0.0","B0F1ZJM7X6","Timeline Mitopure Urolithin A Supplement Gummies - Clinically Proven Support for Healthy Aging Cellular Energy Muscle Strength and Longevity","6.06","18.18","2026-06-06"
"1107459","timeline longevity supplement","Timeline","Pure Encapsulations","Fatty15","Health & Personal Care",,,"B0F5FPSDQV","Timeline Mitopure Urolithin A Supplement Softgels - Clinically Proven Support for Healthy Aging and Cellular Renewal - Mitoceutical for Muscle Support and Longevity","45.31","40.0","B0F1ZJM7X6","Timeline Mitopure Urolithin A Supplement Gummies - Clinically Proven Support for Healthy Aging Cellular Energy Muscle Strength and Longevity","39.06","20.0","B0DMPCNCM8","Timeline Mitopure Urolithin A Supplement Powder 500 MG- Clinically Proven Support for Healthy Aging and Cellular Renewal - Mitoceutical for Muscle Support and Longevity","10.94","0.0","2026-06-06"
"1107459","urolithin a 500mg","WELLNESS LABSRX","Etta Vita","Timeline","Health & Personal Care",,,"B0F9TKNHTL","Urolithin A Supplement Capsules 1,000mg (98.9% Pure) – Advanced Urolithin A+ Formula for Cellular Renewal & Mitochondrial Support, High-Strength Muscle Health Support- 120 Count","26.56","47.37","B0F43TCK2T","Urolithin-A Complex w Shilajit, Organic Sea Moss, Ashwagandha & Tongkat Ali, Natural Energy, Libido, Hormone Balance, and Focus for Men & Women (Made in USA - 3rd Party Tested)","15.63","0.0","B0G8381H2H","Igo Labs Urolithin A Capsules 500mg - 1000mg Per Serving Daily Wellness Supplement for Routine Use - Dietary Wellness Capsules - High Purity Urolithin A Supplement - 60 Caps","10.94","0.0","2026-06-06"
"1313693","urolithin-a","Timeline","WELLNESS LABSRX","Etta Vita","Health & Personal Care",,,"B0F5FPSDQV","Timeline Mitopure Urolithin A Supplement Softgels - Clinically Proven Support for Healthy Aging and Cellular Renewal - Mitoceutical for Muscle Support and Longevity","24.07","30.77","B0F9TKNHTL","Urolithin A Supplement Capsules 1,000mg (98.9% Pure) – Advanced Urolithin A+ Formula for Cellular Renewal & Mitochondrial Support, High-Strength Muscle Health Support- 120 Count","22.22","23.08","B0F43TCK2T","Urolithin-A Complex w Shilajit, Organic Sea Moss, Ashwagandha & Tongkat Ali, Natural Energy, Libido, Hormone Balance, and Focus for Men & Women (Made in USA - 3rd Party Tested)","18.52","7.69","2026-06-06"
"1418527","neurogan urolithin a","Neurogan","Timeline","WELLNESS LABSRX","Health & Personal Care",,,"B0CP4C671V","Neurogan Precursor Urolithin Pro+ Capsules – Mitochondrial & Energy Support, 1000 mg – Liposomal Pomegranate Extract Akkermansia CoQ10 Spermidine PQQ Supplement – 120 Ct, 2-Month Supply","50.0","44.44","B0F5FPSDQV","Timeline Mitopure Urolithin A Supplement Softgels - Clinically Proven Support for Healthy Aging and Cellular Renewal - Mitoceutical for Muscle Support and Longevity","12.0","22.22","B0F9TKNHTL","Urolithin A Supplement Capsules 1,000mg (98.9% Pure) – Advanced Urolithin A+ Formula for Cellular Renewal & Mitochondrial Support, High-Strength Muscle Health Support- 120 Count","6.0","11.11","2026-06-06"
"1447398","omre urolithin a","omre","Timeline","WELLNESS LABSRX","Health & Personal Care",,,"B0GMHQJ4X4","OMRE - Urolithin A 500mg, 98% Purity - Support for Healthy Aging and Cellular Renewal - Mitochondrial and Ceullular Energy Support for Longevity - 30 Servings","83.67","85.71","B0F1ZJM7X6","Timeline Mitopure Urolithin A Supplement Gummies - Clinically Proven Support for Healthy Aging Cellular Energy Muscle Strength and Longevity","4.08","0.0","B0F5FPSDQV","Timeline Mitopure Urolithin A Supplement Softgels - Clinically Proven Support for Healthy Aging and Cellular Renewal - Mitoceutical for Muscle Support and Longevity","4.08","0.0","2026-06-06"
"1477316","nr longevity pure encapsulation","Pure Encapsulations","Timeline",,"Health & Personal Care",,,"B0D7FQS8G4","Pure Encapsulations NR Longevity NAD Supplement – Supports Healthy Aging, NAD+ Replenishment, Mitochondrial Function, with NIAGEN* – Gluten Free, Non-GMO, Hypoallergenic – 60 Capsules","97.92","95.24","B0F5FPSDQV","Timeline Mitopure Urolithin A Supplement Softgels - Clinically Proven Support for Healthy Aging and Cellular Renewal - Mitoceutical for Muscle Support and Longevity","2.08","0.0",,,,,"2026-06-06"
"1508210","liposomal-urolithin-supplement-capsules-000mg","Timeline","Trobyot","SOLARAY","Health & Personal Care",,,"B0F1ZJM7X6","Timeline Mitopure Urolithin A Supplement Gummies - Clinically Proven Support for Healthy Aging Cellular Energy Muscle Strength and Longevity","63.83",,"B0F5FPSDQV","Timeline Mitopure Urolithin A Supplement Softgels - Clinically Proven Support for Healthy Aging and Cellular Renewal - Mitoceutical for Muscle Support and Longevity","25.53",,"B0CP4C671V","Neurogan Precursor Urolithin Pro+ Capsules – Mitochondrial & Energy Support, 1000 mg – Liposomal Pomegranate Extract Akkermansia CoQ10 Spermidine PQQ Supplement – 120 Ct, 2-Month Supply","2.13",,"2026-06-06"
"1508210","time line mitopure urolithin a supplement","Timeline",,,"Health & Personal Care",,,"B0F5FPSDQV","Timeline Mitopure Urolithin A Supplement Softgels - Clinically Proven Support for Healthy Aging and Cellular Renewal - Mitoceutical for Muscle Support and Longevity","55.32","66.67","B0F1ZJM7X6","Timeline Mitopure Urolithin A Supplement Gummies - Clinically Proven Support for Healthy Aging Cellular Energy Muscle Strength and Longevity","27.66","25.0","B0DMPCNCM8","Timeline Mitopure Urolithin A Supplement Powder 500 MG- Clinically Proven Support for Healthy Aging and Cellular Renewal - Mitoceutical for Muscle Support and Longevity","17.02","0.0","2026-06-06"
"1645722","onset urolithin a","ONSET","Timeline","Trobyot","Health & Personal Care",,,"B0GZGTFJQQ","ONSET Foundation Gummies - Urolithin A Gummies - Mitochondrial Health Support Supplement for Energy, Endurance & Recovery - Supports Cellular Renewal, Muscle Strength - 60 Gummies","41.86","33.33","B0F5FPSDQV","Timeline Mitopure Urolithin A Supplement Softgels - Clinically Proven Support for Healthy Aging and Cellular Renewal - Mitoceutical for Muscle Support and Longevity","20.93","11.11","B0GZZ9FWXR","Trobyot Urolithin A Supplement with Trans-Resveratrol & Ubiquinol –12-in-1 Formula for Cellular Energy &Mitochondrial Support – 120 Softgels","11.63","22.22","2026-06-06"
"1724314","longevity gummies","Timeline","Fatty15","ROOTI","Health & Personal Care",,,"B0F1ZJM7X6","Timeline Mitopure Urolithin A Supplement Gummies - Clinically Proven Support for Healthy Aging Cellular Energy Muscle Strength and Longevity","58.54","100.0","B0F5FPSDQV","Timeline Mitopure Urolithin A Supplement Softgels - Clinically Proven Support for Healthy Aging and Cellular Renewal - Mitoceutical for Muscle Support and Longevity","14.63","0.0","B0GL4HZ93G","Fatty15 C15:0 Pentadecanoic Acid Healthy Aging Gummies - 60 Vegan Gummies - 3X Cellular Benefits of Omega 3 Fish Oil - Longevity, Metabolic, Wellness & Liver Support - Gluten Free & Sugar Free","9.76","0.0","2026-06-06"
"1724314","time line longevity gummies","Timeline","Nextdia",,"Health & Personal Care",,,"B0F1ZJM7X6","Timeline Mitopure Urolithin A Supplement Gummies - Clinically Proven Support for Healthy Aging Cellular Energy Muscle Strength and Longevity","73.17","52.94","B0F5FPSDQV","Timeline Mitopure Urolithin A Supplement Softgels - Clinically Proven Support for Healthy Aging and Cellular Renewal - Mitoceutical for Muscle Support and Longevity","21.95","23.53","B0C4P4X2W3","Resveratrol Supplement 1500mg - Resveratrol Gummies Supports NAD⁺, NMN & NMNH Synergy, with Quercetin, Grape Seed, Acai Berries Extracts for Antioxidant, Healthy Aging & longevity, Skin, Brain - 2Pcs","2.44","0.0","2026-06-06"
"1904292","timeline gummies","Timeline","XIHOLIY","Purify Life","Health & Personal Care",,,"B0F1ZJM7X6","Timeline Mitopure Urolithin A Supplement Gummies - Clinically Proven Support for Healthy Aging Cellular Energy Muscle Strength and Longevity","75.68","81.82","B0F5FPSDQV","Timeline Mitopure Urolithin A Supplement Softgels - Clinically Proven Support for Healthy Aging and Cellular Renewal - Mitoceutical for Muscle Support and Longevity","13.51","0.0","B0FPQ5DQZP","Alpha Lipoic Acid Gummies 1000 MG, High Potency Chewable ALA Supplement with Glutathione, CoQ10, Vitamin B Complex for Antioxidant, Cognitive, Nerve* Support, Sugar-Free, Raspberry Flavor, 60 Counts","5.41","0.0","2026-06-06"
"2124019","urothinin a","Timeline","WELLNESS LABSRX","GulpGrove","Health & Personal Care",,,"B0F9TKNHTL","Urolithin A Supplement Capsules 1,000mg (98.9% Pure) – Advanced Urolithin A+ Formula for Cellular Renewal & Mitochondrial Support, High-Strength Muscle Health Support- 120 Count","24.24","27.27","B0F5FPSDQV","Timeline Mitopure Urolithin A Supplement Softgels - Clinically Proven Support for Healthy Aging and Cellular Renewal - Mitoceutical for Muscle Support and Longevity","24.24","9.09","B0F1ZJM7X6","Timeline Mitopure Urolithin A Supplement Gummies - Clinically Proven Support for Healthy Aging Cellular Energy Muscle Strength and Longevity","12.12","0.0","2026-06-06"
"2186943","omre urolithin a+","omre","REVIANT","WELLNESS LABSRX","Health & Personal Care",,,"B0GMHQJ4X4","OMRE - Urolithin A 500mg, 98% Purity - Support for Healthy Aging and Cellular Renewal - Mitochondrial and Ceullular Energy Support for Longevity - 30 Servings","93.75","77.78","B0G5LFM5B5","REVIANT Urolithin A 1000mg Supplement - 99.9% High Purity for Cellular Vitality, Longevity & Muscle Support - 120 Capsules, 60-Day Supply - Non-GMO, Third Party Tested","3.13","11.11","B0F9TKNHTL","Urolithin A Supplement Capsules 1,000mg (98.9% Pure) – Advanced Urolithin A+ Formula for Cellular Renewal & Mitochondrial Support, High-Strength Muscle Health Support- 120 Count","3.13","0.0","2026-06-06"
"2186943","urolithin a mitopure","Timeline","WELLNESS LABSRX","Igo Labs","Health & Personal Care",,,"B0F5FPSDQV","Timeline Mitopure Urolithin A Supplement Softgels - Clinically Proven Support for Healthy Aging and Cellular Renewal - Mitoceutical for Muscle Support and Longevity","37.5","80.0","B0DMPCNCM8","Timeline Mitopure Urolithin A Supplement Powder 500 MG- Clinically Proven Support for Healthy Aging and Cellular Renewal - Mitoceutical for Muscle Support and Longevity","15.63","0.0","B0F9TKNHTL","Urolithin A Supplement Capsules 1,000mg (98.9% Pure) – Advanced Urolithin A+ Formula for Cellular Renewal & Mitochondrial Support, High-Strength Muscle Health Support- 120 Count","12.5","0.0","2026-06-06"
"2324245","codeage liposomal urolithin a","Codeage","Timeline","omre","Health & Personal Care",,,"B0BWXTZJTD","Codeage Liposomal Urolithin A Supplement 500mg Per Serving + Resveratrol, Betaine, CoQ10, Ellagitannins - A New Frontier Beyond NADH, NMN, NAD, NR, and PQQ Vitamins - Bioavailable - 60 Capsules","46.67","50.0","B0F5FPSDQV","Timeline Mitopure Urolithin A Supplement Softgels - Clinically Proven Support for Healthy Aging and Cellular Renewal - Mitoceutical for Muscle Support and Longevity","16.67","25.0","B0GMHQJ4X4","OMRE - Urolithin A 500mg, 98% Purity - Support for Healthy Aging and Cellular Renewal - Mitochondrial and Ceullular Energy Support for Longevity - 30 Servings","13.33","25.0","2026-06-06"
"2324245","neurogan health","Neurogan","Neuro Health",,"Beauty","Health & Personal Care",,"B0FH2PVGVT","Neurogan GHK-Cu Copper Peptide Hair & Scalp Serum – 2400mg, 4% Copper Peptides – Fast-Absorbing, Water-Based Formula for Hair Softness & Shine - Cosmetic Dry Scalp Moisturizer Spray, Made in USA","23.33","0.0","B0FVGCLR3J","Neurogan Beta NMN (β-NMN) Supplement – 900 mg per Serving, 99.6% Purity – NAD+ Precursor for Cellular Energy & Vitality – 90 Capsules (3-Month Supply) – Made in USA","16.67","0.0","B0CP4C671V","Neurogan Precursor Urolithin Pro+ Capsules – Mitochondrial & Energy Support, 1000 mg – Liposomal Pomegranate Extract Akkermansia CoQ10 Spermidine PQQ Supplement – 120 Ct, 2-Month Supply","13.33","33.33","2026-06-06"
"2651371","anti aging supplements","Timeline","Serovital","TRU NIAGEN","Health & Personal Care","Beauty",,"B0F5FPSDQV","Timeline Mitopure Urolithin A Supplement Softgels - Clinically Proven Support for Healthy Aging and Cellular Renewal - Mitoceutical for Muscle Support and Longevity","11.54","100.0","B0949S9CXT","Serovital Renewal Complex - Anti Aging Supplements - Amino Acids - Peptides - Improved Energy and Immunity, Better Deeper Sleep, 30-Day Supply","11.54","0.0","B0CF3THXYR","Age Renewal Complex - Senescent Cell Remoal & Cellular Health Support - Fisetin, Quercetin, Curcumin, Zinc -Senolytic & Autophagy Aid Supplement - Non-GMO, USA Made Glass Bottle","7.69","0.0","2026-06-06"
